{
  "trigger": {
    "schedule": {
      "interval": "1m"
    }
  },
  "input": {
    "search": {
      "request": {
        "search_type": "query_then_fetch",
        "indices": [
          "metricbeat-*"
        ],
        "rest_total_hits_as_int": true,
        "body": {
          "query": {
            "bool": {
              "must": [
                {
                  "match": {
                    "vwg.module.name": "{{ctx.metadata.module}}"
                  }
                },
                {
                  "match": {
                    "vwg.platform.environment": "{{ctx.metadata.environment}}"
                  }
                },
                {
                  "match": {
                    "metricset.name": "memory"
                  }
                }
              ],
              "filter": {
                "range": {
                  "@timestamp": {
                    "from": "now-{{ctx.metadata.window}}",
                    "to": "now"
                  }
                }
              }
            }
          },
          "aggs": {
            "instance": {
              "terms": {
                "field": "beat.name",
                "order": {
                  "used_cpu": "desc"
                }
              },
              "aggs": {
                "used_cpu": {
                  "avg": {
                    "field": "system.memory.actual.used.pct"
                  }
                }
              }
            }
          }
        }
      }
    }
  },
  "condition": {
    "compare": {
      "ctx.payload.hits.hits.0._source.system.memory.actual.used.pct": {
        "gte": "{{ctx.metadata.threshold}}"
      }
    }
  },
  "actions": {
    "send_mail": {
      "email": {
        "profile": "standard",
        "to": [
          "{{ctx.metadata.target_group}}"
        ],
        "subject": "RAM usage of {{ctx.metadata.module}} exceeds 70% on {{ctx.metadata.environment}}",
        "body": {
          "html": "<b>Environment:</b> {{ctx.metadata.environment}} <br></br><b>Module: </b>{{ctx.metadata.module}} <br><b>Time period:</b> {{ctx.metadata.window}}<br></br>{{ctx.payload._value}}"
        }
      }
    },
    "SOI_webhook": {
      "webhook": {
        "scheme": "https",
        "host": "mlssoiintegration.mls-ml.prd.eu.gs.aws.cloud.vwgroup.com",
        "port": 8443,
        "method": "post",
        "path": "/postAlert",
        "params": {
          "severity": "Major",
          "summary": "RAM usage alert",
          "hostname": "GITC_{{ctx.metadata.org_scope}}_DTP",
          "alarmsource": "{{ctx.metadata.org_scope}}_{{ctx.metadata.envirnonment}}_DTP (P-AWS-2)",
          "description": "CPU usage on one or more instances exceeds {{ctx.payload._value.1}}% for {{ctx.metadata.window}}",
          "citype": "Application",
          "queue": "gc.application",
          "reportedci": "GITC DTP (P-AWS-2)"
        },
        "headers": {
          "Content-Type": "text/html"
        }
      }
    }
  },
  "metadata": {
    "severity": 3,
    "environment": "plint",
    "module": "platformserver",
    "org_scope": "ODP",
    "threshold": 0.7,
    "window": "15m",
    "target_group": "f.emonds@reply.de"
  }
}
