{
  "trigger": {
    "schedule": {
      "interval": "15m"
    }
  },
  "input": {
    "search": {
      "request": {
        "search_type": "query_then_fetch",
        "indices": [
          "heartbeat-*"
        ],
        "types": [
          "_doc"
        ],
        "rest_total_hits_as_int": true,
        "body": {
          "query": {
            "bool": {
              "must": [
                {
                  "match": {
                    "vwg.module.name": "{{ctx.metadata.module}}"
                  }
                },
                {
                  "match": {
                    "vwg.platform.environment": "{{ctx.metadata.environment}}"
                  }
                },
                {
                  "match": {
                    "monitor.status": "down"
                  }
                }
              ],
              "filter": {
                "range": {
                  "@timestamp": {
                    "from": "now-{{ctx.metadata.window}}",
                    "to": "now"
                  }
                }
              }
            }
          },
          "aggs": {
            "mon": {
              "terms": {
                "field": "monitor.host"
              },
              "aggs": {
                "msg": {
                  "top_hits": {
                    "size": 20,
                    "_source": {
                      "includes": [
                        "error.message"
                      ]
                    }
                  }
                }
              }
            }
          }
        }
      }
    }
  },
  "condition": {
    "compare": {
      "ctx.payload.hits.total": {
        "gte": "{{ctx.metadata.threshold}}"
      }
    }
  },
  "actions": {
    "send_mail": {
      "email": {
        "profile": "standard",
        "to": [
          "{{ctx.metadata.target_group}}"
        ],
        "subject": "{{ctx.metadata.module}} failed availability check",
        "body": {
          "html": "<b>Environment:</b> {{ctx.metadata.environment}} <br></br><b>Module: </b>{{ctx.metadata.module}} <br><b>Time period:</b> {{ctx.metadata.window}}<br></br>{{ctx.payload._value}}"
        }
      }
    },
    "SOI_webhook": {
      "webhook": {
        "scheme": "https",
        "host": "mlssoiintegration.mls-ml.prd.eu.gs.aws.cloud.vwgroup.com",
        "port": 8443,
        "method": "post",
        "path": "/postAlert",
        "params": {
          "severity": "Down",
          "summary": "Service availablity",
          "hostname": "GITC_{{ctx.metadata.org_scope}}_DTP",
          "alarmsource": "{{ctx.metadata.org_scope}}_{{ctx.metadata.envirnonment}}_DTP (P-AWS-2)",
          "description": "Status of {{ctx.metadata.module}} is down on {{ctx.metadata.environment}}",
          "citype": "Application",
          "queue": "gc.application",
          "reportedci": "GITC DTP (P-AWS-2)"
        },
        "headers": {
          "Content-Type": "text/html"
        }
      }
    }
  },
  "metadata": {
    "severity": 2,
    "environment": "plint",
    "module": "plas-staging",
    "org_scope": "ODP",
    "threshold": 2,
    "window": "15m",
    "target_group": "f.emonds@reply.de"
  }
}
